"ID","Race","Health","Offence","Defence","Speed","Rulership","Leadership","Physical Resistance","Fire Resistance","Water Resistance","Air Resistance","Earth Resistance","Magic Resistance","Poison Resistance","Strategy","Cost","Upkeep","Mass","Capacity","Is Leader","Is Summon","Sub Characters","Spawns","Type","AI Behaviour","Property"
"Barren_orc_axe","Orc",,,,,,,,,,,,,,,,,,,,,,,,,
"Barren_orc_berserker","Orc",,,,,,,,,,,,,,,,,,,,,,,,,
"Barren_orc_drum","Orc",,,,,,,,,,,,,,,,,,,,,,,,,
"Barren_orc_fist","Orc",,,,,,,,,,,,,,,,,,,,,,,,,
"Barren_orc_greathammer","Orc",,,,,,,,,,,,,,,,,,,,,,,,,
"Barren_orc_javelin","Orc",,,,,,,,,,,,,,,,,,,,,,,,,
"Barren_orc_leader_juggernaut","Orc",,,,,,,,,,,,,,,,,,,"TRUE",,,,,,
"Barren_orc_leader_totem","Orc",,,,,,,,,,,,,,,,,,,"TRUE",,,,,,
"Barren_orc_leader_warmaster","Orc",,,,,,,,,,,,,,,,,,,"TRUE",,,,,,
"Barren_orc_lookout","Orc",,,,,,,,,,,,,,,,,,,,,,,,,
"Barren_orc_shoulder","Orc",,,,,,,,,,,,,,,,,,,,,,,,,
"Barren_orc_wardancer","Orc",,,,,,,,,,,,,,,,,,,,,,,,,
"Barren_troll_boulder","Troll",,,,,,,,,,,,,,,,,,,,,,,,,
"Barren_troll_ram","Troll",,,,,,,,,,,,,,,,,,,,,,,,,
"Castle_cat_air_rocket_bomb","Cat",40,20,10,55,,,,,-0.5,-0.25,,0.1,,,,,7,5,,,,,"air","bomber",
"Castle_cat_shield_crossbow","Cat",65,37,40,12,,,0.25,0.25,-0.1,0.15,-0.25,-0.25,,,,,13,10,,,,,"ground","range","shield"
"Castle_dog_catapult","Dog",230,7,3,4,,,0.1,-0.4,,0.15,,,,,,,150,3,,,,,"ground","range","no_forced_move"
"Castle_dog_flail","Dog",125,32,29,30,,,,,-0.1,0.1,,,,,,,,13,,,,,"ground","melee",
"Castle_human_air_flying_monk","Human",280,50,60,35,,,0.1,-0.15,,0.25,,0.3,0.2,,,,35,4,,,,,"air","interceptor",
"Castle_human_castle","Construct",4000,,,,,,,,,,,,,,,,,,,,,,"ground",,
"Castle_human_castle_crossbow","Human",,,,,,,,,,,,,,,,,,,,,,,"ground",,
"Castle_human_castle_horn","Human",,,,,,,,,,,,,,,,,,,,,,,"ground",,
"Castle_human_flower_knight","Human",,,,,,,,,,,,,,,,,,8,,,,,"ground",,
"Castle_human_knight","Human",,,,,,,,,,,,,,,,,,8,,,,,"ground",,
"Castle_human_knight_cav","Human",,,,,,,,,,,,,,,,,,6,,,,,"ground",,
"Castle_human_leader_banner","Human",,,,,,,,,,,,,,,,,,,"TRUE",,,,"ground",,
"Castle_human_leader_lord","Human",,,,,,,,,,,,,,,,,,,"TRUE",,,,"ground",,
"Castle_human_leader_jester","Human",,,,,,,,,,,,,,,,,,,"TRUE",,,,"ground",,
"Castle_human_leader_ranger","Human",,,,,,,,,,,,,,,,,,,"TRUE",,,,"ground",,
"Castle_human_leader_mage","Human",,,,,,,,,,,,,,,,,,,"TRUE",,,,"ground",,
"Castle_human_militia_bow","Human",70,21,5,36,,,,,,,,,,,,,20,17,,,,,"ground","range",
"Castle_human_militia_spear","Human",100,30,22,32,,,,,,,,,,,,,28,17,,,,,"ground","melee",
"Death_bat_air_bite","Bat",,,,,,,,,,,,,,,,,,,,,,,"air","interceptor",
"Death_cat_necromancer","Cat",,,,,,,,,,,,,,,,,,,,,,,,,
"Death_undead_tower","Construct",,,,,,,,,,,,,,,,,,,,,,,,,
"Death_rat_disease_thrower","Rat",,,,,,,,,,,,,,,,,,,,,,,,,
"Death_undead_banshee","Undead",,,,,,,,,,,,,,,,,,,,,,,,,
"Death_undead_corpse_thrower","Undead",,,,,,,,,,,,,,,,,,,,,,,,,
"Death_undead_grave_knight","Undead",,,,,,,,,,,,,,,,,,,,,,,,,
"Death_undead_hound","Undead",,,,,,,,,,,,,,,,,,,,,,,,,
"Death_undead_bone_golem","Undead",,,,,,,,,,,,,,,,,,,"TRUE",,,,,,
"Death_undead_leader_lich","Undead",,,,,,,,,,,,,,,,,,,"TRUE",,,,,,
"Death_undead_leader_reaper","Undead",,,,,,,,,,,,,,,,,,,"TRUE",,,,,,
"Death_undead_leader_vampire","Undead",,,,,,,,,,,,,,,,,,,"TRUE",,,,,,
"Death_undead_ghoul","Undead",,,,,,,,,,,,,,,,,,,,,,,,,
"Death_undead_pain_golem","Undead",,,,,,,,,,,,,,,,,,,,,,,,,
"Death_undead_death_dragon","Undead",,,,,,,,,,,,,,,,,,,,,,,,,
"Death_undead_skeleton_bone","Undead",60,5,15,36,,,,,,,,,,,,,,,,,,,,,
"Death_undead_zombie","Undead",100,3,5,7,,,,,,,,,,,,,,15,,,,,,,
"Desert_djinn_earth","Djinn",,,,,,,,,,,,,,,,,,,,,,,,,
"Desert_djinn_fire","Djinn",,,,,,,,,,,,,,,,,,,,,,,,,
"Desert_djinn_water","Djinn",,,,,,,,,,,,,,,,,,,,,,,,,
"Desert_djinn_air_wind","Djinn",,,,,,,,,,,,,,,,,,,,,,,"air","interceptor",
"Desert_human_air_wizard","Human",,,,,,,,,,,,,,,,,,,,,,,"air","fighter",
"Desert_human_bow","Human",,,,,,,,,,,,,,,,,,,,,,,,,
"Desert_human_bow_cav","Human",,,,,,,,,,,,,,,,,,,,,,,,,
"Desert_human_camel_cav","Human",,,,,,,,,,,,,,,,,,,,,,,,,
"Desert_human_leader_warlock","Human",,,,,,,,,,,,,,,,,,,"TRUE",,,,,,
"Desert_human_sword","Human",,,,,,,,,,,,,,,,,,,,,,,,,
"Desert_lizard_assassin","Lizard",,,,,,,,,,,,,,,,,,,,,,,,,
"Desert_lizard_spear","Lizard",,,,,,,,,,,,,,,,,,,,,,,,,
"Desert_minotaur_ram","Minotaur",,,,,,,,,,,,,,,,,,,,,,,,,
"Desert_troll_ballista","Troll",,,,,,,,,,,,,,,,,,,,,,,,,
"Doll_air_balloon","Doll",,,,,,,,,,,,,,,,,,,,,,,"air","fighter",
"Doll_candle_spear","Doll",,,,,,,,,,,,,,,,,,,,,,,,,
"Doll_claw","Doll",,,,,,,,,,,,,,,,,,,,,,,,,
"Doll_thrower","Doll",,,,,,,,,,,,,,,,,,,,,,,,,
"Doll_jumper","Doll",,,,,,,,,,,,,,,,,,,,,,,,,
"Doll_mace","Doll",,,,,,,,,,,,,,,,,,,,,,,,,
"Doll_leader_jester","Doll",,,,,,,,,,,,,,,,,,,,,,,,,
"Doll_leader_puppetmaster","Doll",,,,,,,,,,,,,,,,,,,,,,,,,
"Doll_leader_wagon_cav","Doll",,,,,,,,,,,,,,,,,,,,,,,,,
"Doll_leader_repair","Doll",,,,,,,,,,,,,,,,,,,,,,,,,
"Doll_titan","Doll",,,,,,,,,,,,,,,,,,,,,,,,,
"Doll_wagon_bomber","Doll",,,,,,,,,,,,,,,,,,,,,,,,,
"Doll_wagon_bomber2","Doll",,,,,,,,,,,,,,,,,,,,,,,,,
"Doll_wagon_bomber3","Doll",,,,,,,,,,,,,,,,,,,,,,,,,
"Doll_witch","Doll",,,,,,,,,,,,,,,,,,,,,,,,,
"Dwarf_sea_beer_cheer","Dwarf",,,,,,,,,,,,,,,,,,,,,,,,,
"Dwarf_sea_cannon","Dwarf",,,,,,,,,,,,,,,,,,,,,,,,,
"Dwarf_sea_nawharl_cav","Dwarf",,,,,,,,,,,,,,,,,,,,,,,,,
"Dwarf_sea_pirate","Dwarf",,,,,,,,,,,,,,,,,,,,,,,,,
"Dwarf_sea_raider","Dwarf",,,,,,,,,,,,,,,,,,,,,,,,,
"Elf_city_houndmaster","Moon Elf",,,,,,,,,,,,,,,,,,,,,,,,,
"Elf_city_hunter","Moon Elf",,,,,,,,,,,,,,,,,,,,,,,,,
"Elf_deep_bladed_shield","Moon Elf",,,,,,,,,,,,,,,,,,,,,,,,,
"Elf_deep_blood_sage","Moon Elf",,,,,,,,,,,,,,,,,,,,,,,,,
"Elf_deep_blowdart","Moon Elf",,,,,,,,,,,,,,,,,,,,,,,,,
"Elf_deep_dagger","Moon Elf",,,,,,,,,,,,,,,,,,,,,,,,,
"Elf_deep_dualcrossbows","Moon Elf",,,,,,,,,,,,,,,,,,,,,,,,,
"Elf_deep_gladiator","Moon Elf",,,,,,,,,,,,,,,,,,,,,,,,,
"Elf_deep_hookbill","Moon Elf",,,,,,,,,,,,,,,,,,,,,,,,,
"Elf_deep_leader_chimera","Moon Elf",,,,,,,,,,,,,,,,,,,,,,,,,
"Elf_deep_poison_pot","Moon Elf",,,,,,,,,,,,,,,,,,,,,,,,,
"Elf_deep_whip","Moon Elf",,,,,,,,,,,,,,,,,,,,,,,,,
"Great_elf_bow","Sun Elf",,,,,,,,,,,,,,,,,,,,,,,,,
"Great_elf_horse_cav","Sun Elf",,,,,,,,,,,,,,,,,,,,,,,,,
"Great_elf_leader_knight","Sun Elf",,,,,,,,,,,,,,,,,,,,,,,,,
"Great_elf_leader_mage","Sun Elf",,,,,,,,,,,,,,,,,,,,,,,,,
"Great_elf_leader_medic","Sun Elf",,,,,,,,,,,,,,,,,,,,,,,,,
"Great_elf_leader_nun","Sun Elf",,,,,,,,,,,,,,,,,,,,,,,,,
"Great_elf_heal_tent","Construct",,,,,,,,,,,,,,,,,,,,,,,,,
"Great_elf_silver_bow","Sun Elf",,,,,,,,,,,,,,,,,,,,,,,,,
"Great_elf_spear","Sun Elf",,,,,,,,,,,,,,,,,,,,,,,,,
"Great_elf_sword","Sun Elf",500,,,,,,,,,,,,,,,,,,,,,,"ground","common",
"Great_elf_tower","Sun Elf",,,,,,,,,,,,,,,,,,,,,,,,,
"Great_elf_tower_bow","Sun Elf",,,,,,,,,,,,,,,,,,,,,,,,,
"Great_elf_war_bow","Sun Elf",,,,,,,,,,,,,,,,,,,,,,,,,
"Great_elf_warmage","Sun Elf",,,,,,,,,,,,,,,,,,,,,,,,,
"Highland_centaur_bow","Centaur",,,,,,,,,,,,,,,,,,,,,,,,,
"Highland_centaur_greatsword","Centaur",,,,,,,,,,,,,,,,,,,,,,,,,
"Highland_centaur_leader_banner","Centaur",,,,,,,,,,,,,,,,,,,,,,,,,
"Highland_centaur_leader_shaman","Centaur",,,,,,,,,,,,,,,,,,,,,,,,,
"Highland_centaur_twinblade","Centaur",,,,,,,,,,,,,,,,,,,,,,,,,
"Highland_human_buffalo_cav","Human",,,,,,,,,,,,,,,,,,,,,,,,,
"Highland_human_greataxe","Human",,,,,,,,,,,,,,,,,,,,,,,,,
"Highland_human_greatsword","Human",,,,,,,,,,,,,,,,,,,,,,,,,
"Highland_human_leader_chariot","Human",,,,,,,,,,,,,,,,,,,,,,,,,
"Highland_human_pike","Human",,,,,,,,,,,,,,,,,,,,,,,,,
"Highland_human_sword","Human",,,,,,,,,,,,,,,,,,,,,,,,,
"Holy_human_leader_priest","Human",,,,,,,,,,,,,,,,,,,,,,,,,
"Holy_human_crusader","Human",,,,,,,,,,,,,,,,,,,,,,,,,
,,,,,,,,,,,,,,,,,,,,,,,,,,
,,,,,,,,,,,,,,,,,,,,,,,,,,
"Leader_adaqua","Human",580,67,12,55,36,72,,,,0.35,,-0.05,0.2,"Deception",,,50,,"TRUE",,,,"ground","range",
"Leader_aerlnarn","Human",,,,,,,,,,,,,,,,,,,"TRUE",,,,"ground",,
"Leader_amunsa","Human",,,,,,,,,,,,,,,,,,,"TRUE",,,,"ground",,
"Leader_aunnial","Human",,,,,,,,,,,,,,,,,,,,,,,,,
"Leader_armina","Sun Elf",480,32,21,13,76,60,,-0.1,0.3,0.3,0.3,0.2,-0.5,,,,40,,"TRUE",,,,"ground",,
"Leader_bauqah","Beastman",1600,46,33,57,58,24,0.2,-0.5,-0.5,0.5,0.5,0.3,,,,,95,,"TRUE",,,,"ground","melee",
"Leader_bigta","Vertkin",1200,41,68,44,35,68,0.1,-0.1,-0.1,0.2,,0.2,0.2,"Unity",,,64,,"TRUE",,,,"ground","melee","shield"
"Leader_dashisi",,750,32,80,90,55,84,0.2,-0.2,-0.25,0.25,,0.5,-0.5,,,,32,,"TRUE",,,,"ground","helper","fly,invincible,no_clip"
"Leader_doll_king","Doll",,,,,,,,,,,,,,,,,,,"TRUE",,,,"ground",,
"Leader_doll_prince","Doll",,,,,,,,,,,,,,,,,,,"TRUE",,,,"ground",,
"Leader_doll_princess","Doll",,,,,,,,,,,,,,,,,,,"TRUE",,,,"ground",,
"Leader_doll_queen","Doll",,,,,,,,,,,,,,,,,,,"TRUE",,,,"ground",,
"Leader_duskuksa","Dwarf",1500,53,38,24,60,62,0.1,0.4,-0.4,-0.4,0.1,0.2,0.5,"Rune Craft",,,85,,"TRUE",,,,"ground","melee",
"Leader_duskuksa_lord","Dwarf",2800,61,50,16,86,80,,0.4,-0.4,-0.6,0.3,0.3,0.5,"Greed",,,200,,"TRUE",,,,"ground","melee",
"Leader_ehi","Halfling",,,,,,,,,,,,,,,,,,,,,,,,,
"Leader_elmaliern","Human",900,17,24,32,88,58,-0.1,,,-0.1,-0.1,0.5,0.3,,,,25,,"TRUE",,,,"ground","range",
"Leader_elmaliern_lich","Undead",1350,28,44,44,88,71,0.15,-1,,,0.2,0.15,1,,,,48,,"TRUE",,,,"ground",,
"Leader_hermanos","Human",1100,28,33,68,30,56,,,,,,,,,,,,,"TRUE",,,,"ground",,
"Leader_iri","Halfling",800,44,46,13,75,26,,-0.2,0.05,0.15,,0.1,0.4,"Ingenuity",,,50,,"TRUE",,,,"ground","range",
"Leader_kapuni","Fairy",,,,,,,,,,,,,,,,,28,,"TRUE",,,,"ground",,
"Leader_laguasangte","Unknown",1000,50,50,50,50,10,0.1,,0.1,0.1,0.1,,0.1,,,,,,"TRUE",,,,"ground",,
"Leader_minara","Dwarf",700,75,16,18,52,17,0.1,0.3,,,,-0.3,0.4,"Great Aim",,,60,,"TRUE",,,,"ground","range",
"Leader_monnirl","Human",3000,55,33,60,65,90,0.2,,-0.2,-0.2,,0.3,0.4,"Blessing",,,90,,"TRUE",,,,"ground","melee",
"Leader_nayedien","Sun Elf",840,30,90,70,80,13,,0.3,,0.3,,0.2,-0.3,"Loyalty",,,50,,"TRUE",,,,"ground",,
"Leader_nayedien_queen","Sun Elf",1300,30,80,82,90,60,,0.3,,0.3,,0.2,-0.3,"Majesty",,,90,,"TRUE",,,,"ground",,
"Leader_nraesier","Human",550,38,72,60,53,18,,,,0.15,,,0.2,"Pathfinding",,,45,,"TRUE",,,,"ground","range",
"Leader_demoness","Demon",2500,90,88,76,15,1,,,,,,,,,,,140,,"TRUE",,,,"ground",,
"Leader_orsanoas","Human",1700,86,48,23,14,40,0.4,,-0.1,0.1,0.2,-0.3,0.2,"Bravery",,,100,,"TRUE",,,,"ground","melee",
"Leader_ozna","Dwarf",1800,68,52,15,34,40,0.15,0.3,,0.2,0.4,0.1,0.3,,,,95,,"TRUE",,,,"ground","melee",
"Leader_pasgelo","Sun Elf",850,27,34,35,80,22,0.05,,0.1,0.3,-0.2,0.45,-0.2,,,,70,,"TRUE",,,,"ground",,
"Leader_pasgelo_champion","Sun Elf",1500,56,71,38,85,25,0.2,,-0.3,-0.2,0.2,0.6,,,,,110,,"TRUE",,,,"ground",,
"Leader_peva","Halfling",,,,,,,,,,,,,,,,,,,,,,,,,
"Leader_rodhinbar","Human",680,64,38,46,46,67,,,0.1,0.2,,0.2,,,,,61,,"TRUE",,,,"ground","range",
"Leader_rodhinbar_warlord","Human",1000,29,70,95,85,90,,,0.1,0.2,,0.2,,,,,130,,"TRUE",,,,"ground",,
"Leader_tulia","Human",650,59,35,50,42,52,,,,0.25,0.25,,,,,,47,,"TRUE",,,,"ground","range",
"Leader_venvilov","Human",,,,,,,,,,,,,,,,,,,,,,,,,
"Leader_vraesier","Human",1400,71,52,38,17,19,0.25,-0.1,,-0.3,0.1,0.25,0.3,"Discipline",,,80,,"TRUE",,,,"ground",,
"Leader_vraesier_lady","Human",2800,70,79,65,40,31,0.25,-0.1,,-0.3,0.1,0.25,0.3,"Justice",,,155,,"TRUE",,,,"ground",,
"Leader_vurus","Human",1300,24,37,64,98,82,,,0.25,,0.25,,,"Brilliance",,,82,,"TRUE",,,,"ground",,
"Leader_yuawies","Dryad",450,25,46,55,48,84,-0.2,-0.2,0.4,0.2,0.4,,-0.1,,,,34,,"TRUE",,,,"ground",,
"Leader_yuawies_transcendal","Dryad",720,30,72,67,84,90,-0.3,-0.3,0.5,,0.3,0.3,,,,,80,,"TRUE",,,,"ground",,
"Marsh_goblin_air_big_bird","Goblin",,,,60,,,,,,,,,,,,,,,,,,,"air","interceptor",
"Marsh_goblin_blowdart","Goblin",50,,3,43,,,,,,,,,,,,,,,,,,,,,
"Marsh_hobgoblin_club","Hobgoblin",65,,14,,,,,,,,,,,,,,,20,,,,,,,
"Marsh_lizard_dart","Lizard",,,20,,,,,,,,,,,,,,,,,,,,,,
"Marsh_goblin_knife","Goblin",60,,10,,,,,,,,,,,,,,,20,,,,,,,
"Marsh_hobgoblin_leader_blacksword","Hobgoblin",80,,16,41,,,,,,,,,,,,,,,"TRUE",,,,,,
"Marsh_goblin_leader_fire_brewer","Goblin",40,,1,,,,,,,,,,,,,,,,,,,,,,
"Marsh_goblin_leader_scorpion","Goblin",,,,,,,,,,,,,,,,,,,,,,,,,
"Marsh_lizard_poison_sling","Lizard",35,,2,,,,,,,,,,,,,,,,,,,,,,
"Marsh_goblin_pyramid","Construct",,,,,,,,,,,,,,,,,,,,,,,,,
"Marsh_goblin_pyramid_blight_thrower","Goblin",,,,,,,,,,,,,,,,,,,,,,,,,
"Marsh_goblin_tortoise_cav","Goblin",,,,35,,,,,,,,,,,,,,,,,,,,,
"Marsh_lizard_wasp_pot","Lizard",,,2,,,,,,,,,,,,,,,,,,,,,,
"Marsh_goblin_witchdoctor","Goblin",45,,3,,,,,,,,,,,,,,,,,,,,,,
"Marsh_goblin_wolf_cav","Goblin",,,,75,,,,,,,,,,,,,,,,,,,,,
"Mountain_dwarf_anvil_smith","Dwarf",,,,13,,,,,,,,,,,,,,,,,,,,,
"Mountain_dwarf_axe","Dwarf",,,,,,,0.15,0.1,,,0.1,,,,,,,,,,,,"ground",,"shield"
"Mountain_dwarf_beard_warrior","Dwarf",,,,,,,,,,,,,,,,,,,,,,,,,
"Mountain_dwarf_big_crossbow","Dwarf",,,,,,,,,,,,,,,,,,,,,,,,,
"Mountain_dwarf_big_shield","Dwarf",,,,,,,,,,,,,,,,,,,,,,,,,
"Mountain_dwarf_boar_cav","Dwarf",,,,,,,,,,,,,,,,,,,,,,,,,
"Mountain_dwarf_catapult","Dwarf",,,,,,,,,,,,,,,,,,,,,,,,,
"Mountain_dwarf_crossbow","Dwarf",,,,,,,0.05,,,,0.1,,,,,,,,,,,,"ground","range",
"Mountain_dwarf_fortress","Construct",,,,,,,,,,,,,,,,,,,,,,,,,"no_forced_move,no_weak_side,active_without_sub_character:False"
"Mountain_dwarf_fortress_axe_thrower","Dwarf",,,,,,,,,,,,,,,,,,,,,,,,,
"Mountain_dwarf_halberd","Dwarf",,,,,,,,,,,,,,,,,,,,,,,,,
"Mountain_dwarf_hammer","Dwarf",,,,,,,0.3,0.05,,,0.1,,,,,,,,,,,,"ground","common",
"Mountain_dwarf_leader_champion","Dwarf",,,,,,,,,,,,,,,,,,,,,,,,,
"Mountain_dwarf_leader_chariot_cav","Dwarf",,,,,,,,,,,,,,,,,,,,,,,,,
"Mountain_dwarf_leader_rune_priest","Dwarf",,,,,,,,,,,,,,,,,,,,,,,,,
"Mountain_dwarf_leader_true_beard","Dwarf",,,,,,,,,,,,,,,,,,,,,,,,,
"Mountain_construct_golem","Construct",,,,,,,,,,,,,,,,,,,,,,,,,
"Mountain_dwarf_rune_balista","Dwarf",,,,,,,,,,,,,,,,,,,,,,,,,
"Mountain_dwarf_rune_guard","Dwarf",,,,,,,,,,,,,,,,,,,,,,,,,
"Port_gremlin_organ_gun","Gremlin",150,30,4,5,,,,,,,,,,,,,,,,,,,,,
"Port_gremlin_air_copter","Gremlin",,,,,,,,,,,,,,,,,,,,,,,"air","fighter",
"Port_halfling_gun","Halfling",80,40,6,24,,,,,,,,,,,,,,,,,,,,,
"Port_halfling_halberd","Halfling",160,32,25,18,,,,,,,,,,,,,,,,,,,,,
"Port_halfling_leader_bard","Halfling",95,4,18,24,,,,,,,,,,,,,,,,,,,,,
"Port_halfling_leader_ram_cav","Halfling",300,26,30,40,,,,,,,,,,,,,,,,,,,,,
"Port_halfling_leader_sleeper","Halfling",115,15,15,14,,,,,,,,,,,,,,,,,,,,,
"Port_halfling_leader_traveller","Halfling",100,30,32,40,,,,,,,,,,,,,,,,,,,,,
"Port_halfling_militia_pitchfork","Halfling",90,24,17,23,,,,,,,,,,,,,,,,15,,,,,
"Port_halfling_militia_stone","Halfling",65,18,3,23,,,,,,,,,,,,,,,,15,,,,,
"Port_halfling_mortar","Halfling",120,25,2,8,,,,,,,,,,,,,,,,,,,,,
"Port_halfling_pistol_cav","Halfling",180,27,8,60,,,,,,,,,,,,,,,,,,,,,
"Port_halfling_pony_cav","Halfling",200,29,38,58,,,,,,,,,,,,,,,,,,,,,
"Port_halfling_shield_crossbow","Halfling",80,33,35,21,,,,,,,,,,,,,,,,,,,,,"shield"
"Port_halfling_sword","Halfling",150,36,45,27,,,,,,,,,,,,,,,,,,,,,
"Port_halfling_tower","Halfling",1400,0,30,0,,,,,,,,,,,,,,,,,,,,,
"Port_halfling_tower_cannon","Halfling",250,30,10,1,,,,,,,,,,,,,,,,,,,,,
"Small_eagle_air_stone","Vertkin",155,35,10,75,,,,,,0.1,,,,,,,,10,,,,,"air","fighter",
"Small_rabbit_cannon","Vertkin",120,13,1,6,,,0.05,-0.1,,,,,,,,,50,5,,,,,"ground","range","no_forced_move"
"Small_rabbit_hole","Vertkin",60,12,10,5,,,,,,,,,,,,,,,,"TRUE",,,"ground","trap","invincible"
"Small_rabbit_home","Vertkin",40,17,1,31,,,,,-0.05,0.05,,,,,,1,,,,,,,"ground","trap","invincible"
"Small_rabbit_hound_cav","Vertkin",110,28,8,60,,,,,-0.1,,,,,,,3,14,14,,,,,"ground","melee",
"Small_rabbit_killer","Vertkin",50,27,12,53,,,,,,,,,0.1,,,,10,15,,,,,"ground","melee",
"Small_rabbit_leader_banner","Vertkin",250,5,32,39,,35,,,,,0.1,,,,,,15,,"TRUE",,,,"ground","melee",
"Small_rabbit_leader_hero","Vertkin",350,46,27,55,,25,,,,,,0.1,0.1,,,,16,,"TRUE",,,,"ground","melee",
"Small_rabbit_leader_knight","Vertkin",450,24,46,17,,10,0.15,,,-0.1,,,,,,2,23,,"TRUE",,,,"ground","melee","shield"
"Small_rabbit_sling","Vertkin",40,11,2,37,,,,,-0.05,0.05,,,,,,1,8,20,,,,,"ground","range",
"Small_rabbit_snail_cav","Vertkin",190,16,40,19,,,,,-0.05,0.05,,,,,,4,26,10,,,,,"ground","melee","shield"
"Small_rabbit_spear","Vertkin",85,18,23,35,,,,,-0.05,0.05,,,,,,1,8,20,,,,,"ground","melee",
"Small_rabbit_tower","Construct",1000,0,40,0,,15,0.3,-0.5,0.4,0.3,-0.2,0.15,0.75,,,,2000,,"TRUE",,"Small_rabbit_tower_thrower:((0;0))",,"ground","idle","no_forced_move,no_weak_side,active_without_sub_character:False,no_spirit"
"Small_rabbit_tower_thrower","Vertkin",200,17,15,10,,,,,-0.05,0.05,,,,,,,8,,,,,,"ground","trap","no_forced_move"
"Small_rabbit_trebuchet","Vertkin",140,9,1,3,,,0.2,-0.3,,0.2,,,,,,,100,5,,,,,"ground","range","no_forced_move"
"Small_snail_old","Vertkin",180,5,42,3,,,0.15,-0.4,0.3,,0.15,,0.2,,,,15,10,,,,,"ground","range",
"Small_snail_sword","Vertkin",250,8,55,5,,,0.2,-0.3,0.3,,0.15,,0.1,,,,18,10,,,,,"ground","melee","shield"
"Summon_ballista","Machine",300,,,,,,0.1,-0.1,,,,,,,,,,,,"TRUE",,,"ground","trap","no_forced_move,no_spirit"
"Summon_scorpion","Machine",500,28,1,1,,,,-0.35,,,,,,,,,,,,"TRUE",,,"ground","trap","no_forced_move,no_spirit"
"Wood_bear","Vertkin",860,,,,,,0.15,,,0.1,,,0.15,,,,40,,,,,,"ground","common",
"Wood_boar","Vertkin",555,,,,,,0.1,0.15,0.1,0.05,0.1,,,,,,30,,,,,,"ground","melee",
"Wood_elf_bow","Sun Elf",300,,,,,,,0.1,,0.1,,,,,,,,,,,,,"ground","common",
"Wood_elf_dualswords","Sun Elf",,,,,,,,,,,,,,,,,,,,,,,,,
"Wood_elf_leader_druid","Sun Elf",,,,,,,,,,,,,,,,,,,,,,,,,
"Wood_elf_leader_unicorn","Sun Elf",,,,,,,,,,,,,,,,,,,,,,,,,
"Wood_elf_scout","Sun Elf",,,,,,,,,,,,,,,,,,,,,,,,,
"Wood_elf_sling","Sun Elf",,,,,,,,,,,,,,,,,,,,,,,,,
"Wood_elf_leader_sniper","Sun Elf",,,,,,,,,,,,,,,,,,,,,,,,,
"Wood_elf_spear","Sun Elf",,,,,,,,,,,,,,,,,,,,,,,,,
"Wood_elf_tiger_cav","Sun Elf",,,,,,,,,,,,,,,,,,,,,,,,,
"Wood_fox_leader_mage","Vertkin",130,,,,,,,,,,,0.1,,,,,,,,,,,"ground","range",
"Wood_tree","Tree",,,,,,,,,,,,,,,,,,,,,,,"ground","melee",
"Wood_turtle","Vertkin",600,,,2,,,0.25,0.2,0.2,,0.25,,0.3,,,,,,,,,,"ground","range",
"Wood_werewolf","Vertkin",340,,,70,,,,,,0.05,,,,,,,,,,,,,"ground","melee",
"Wood_elf_air_griffin",,,,,,,,,,,,,,,,,,,,,,,,"air","interceptor",
,,,,,,,,,,,,,,,,,,,,,,,,,,
,,,,,,,,,,,,,,,,,,,,,,,,,,
"Neutral_gorgon",,,,,,,,,,,,,,,,,,,,,,,,,,
"Neutral_dragon",,,,,,,,,,,,,,,,,,,,,,,,,,
"Neutral_wyvern",,,,,,,,,,,,,,,,,,,,,,,,,,
"Neutral_troll",,,,,,,,,,,,,,,,,,,,,,,,,,
"Neutral_spirit",,,,,,,,,,,,,,,,,,,,,,,,,,"invincible"
"Neutral_leprechaun",,,,,,,,,,,,,,,,,,,,,,,,,,
"Neutral_gargoyle",,,,,,,,,,,,,,,,,,,,,,,,,,
"Neutral_hydra",,,,,,,,,,,,,,,,,,,,,,,,,,
"Neutral_cockatrice",,,,,,,,,,,,,,,,,,,,,,,,,,
"Neutral_phoenix",,,,,,,,,,,,,,,,,,,,,,,,,,
"Neutral_yeti",,,,,,,,,,,,,,,,,,,,,,,,,,
"Neutral_sphinx",,,,,,,,,,,,,,,,,,,,,,,,,,
"Neutral_raptor",,,,,,,,,,,,,,,,,,,,,,,,,,
"Neutral_stalker",,,,,,,,,,,,,,,,,,,,,,,,,,
"Neutral_evil_eye",,,,,,,,,,,,,,,,,,,,,,,,,,
,,,,,,,,,,,,,,,,,,,,,,,,,,
"Nice_cloud_dog","Animal",,,,20,,,,,,,,,,,,,,,,,,,,,"invincible"
"Nice_bird","Animal",,,,60,,,,,,,,,,,,,,,,,,,,,"invincible"
"Nice_fluffy_bird","Animal",,,,12,,,,,,,,,,,,,,,,,,,,,"invincible"
"Nice_butterfly","Animal",,,,29,,,,,,,,,,,,,,,,,,,,,"invincible"
"Nice_living_book","Animal",,,,8,,,,,,,,,,,,,,,,,,,,,"invincible"
"Nice_bunny","Animal",,,,20,,,,,,,,,,,,,,,,,,,,,"invincible"
"Nice_slime","Animal",,,,10,,,,,,,,,,,,,,,,,,,,,"invincible"
"Nice_wisp","Animal",,,,8,,,,,,,,,,,,,,,,,,,,,"invincible"
"Nice_snake","Animal",,10,,5,,,,,,,,,,,,,,,,,,,,,"invincible"
